{
  "USDT": "{\"_id\":\"USDT\",\"quoteAsset\":\"USDT\",\"totalBuyQuoteQty\":2304.995320549999,\"totalSellQuoteQty\":2399.8955416500003,\"buyGridTradeQuoteQty\":2285.4153205499997,\"buyManualQuoteQty\":19.58,\"sellGridTradeQuoteQty\":1375.9333752599996,\"sellManualQuoteQty\":0,\"stopLossQuoteQty\":1023.9621663900001,\"profit\":94.90022109999998,\"trades\":90,\"profitPercentage\":4.1171546099866125}"
}
