{
  "USDT": "{\"_id\":\"USDT\",\"quoteAsset\":\"USDT\",\"totalBuyQuoteQty\":2154.3501118200006,\"totalSellQuoteQty\":2446.3799600800007,\"buyGridTradeQuoteQty\":2154.3501118200006,\"buyManualQuoteQty\":0,\"sellGridTradeQuoteQty\":2276.5895458000005,\"sellManualQuoteQty\":0,\"stopLossQuoteQty\":169.79041428,\"profit\":292.02984826000005,\"trades\":113,\"profitPercentage\":13.555356980174984}",
  "BUSD": "{\"_id\":\"BUSD\",\"quoteAsset\":\"BUSD\",\"totalBuyQuoteQty\":83.92565970000001,\"totalSellQuoteQty\":1428.4105350000002,\"buyGridTradeQuoteQty\":83.92565970000001,\"buyManualQuoteQty\":0,\"sellGridTradeQuoteQty\":1411.6425350000002,\"sellManualQuoteQty\":0,\"stopLossQuoteQty\":16.768,\"profit\":1344.4848752999999,\"trades\":5,\"profitPercentage\":1601.995003799773}"
}
